{
    "CharasFileList": {
        "charas1": "charas1.json"
    }, 
    "CharasetFileList": {
        "charaset1": "charaset1.json"
    }, 
    "LevelsList": {
        "Testmap": "Testmap.json", 
        "big": "big.json", 
        "insideLevel0": "insideLevel0.json", 
        "level0": "level0.json", 
        "level1": "level1.json", 
        "level2": "level2.json"
    }, 
    "Player": {
        "charaFile": "person.json", 
        "charaSet": "person", 
        "facing": "down", 
        "initPosX": 288, 
        "initPosY": 192
    }, 
    "World": {
        "initLevel": "insideLevel0"
    }
}