
{
"Level": 
    {
    "tiles": 
        {
        "24":  [  5,  3],
        "25":  [  0,  4],
        "26":  [  4,  4],
        "27":  [  4,  5],
        "20":  [  1,  3],
        "21":  [  2,  3],
        "22":  [  3,  3],
        "23":  [  4,  3],
        "28":  [  5,  4],
        "29":  [  1,  4],
        "4":  [  4,  0],
        "8":  [  2,  1],
        "59":  [  2, 10],
        "58":  [  1, 10],
        "55":  [  4,  9],
        "54":  [  3,  9],
        "57":  [  0, 10],
        "56":  [  5,  9],
        "51":  [  0,  9],
        "50":  [  5,  8],
        "53":  [  2,  9],
        "52":  [  1,  9],
        "88":  [  1, 15],
        "89":  [  2, 15],
        "82":  [  1, 14],
        "83":  [  2, 14],
        "80":  [  5, 13],
        "81":  [  0, 14],
        "86":  [  5, 14],
        "87":  [  0, 15],
        "84":  [  3, 14],
        "85":  [  4, 14],
        "3":  [  3,  0],
        "7":  [  1,  1],
        "39":  [  2,  7],
        "38":  [  1,  7],
        "33":  [  2,  6],
        "32":  [  1,  6],
        "31":  [  0,  6],
        "30":  [  5,  5],
        "37":  [  0,  7],
        "36":  [  5,  6],
        "35":  [  4,  6],
        "34":  [  3,  6],
        "60":  [  3, 10],
        "61":  [  4, 10],
        "62":  [  5, 10],
        "63":  [  0, 11],
        "64":  [  1, 11],
        "65":  [  2, 11],
        "66":  [  3, 11],
        "67":  [  4, 11],
        "68":  [  5, 11],
        "69":  [  0, 12],
        "2":  [  2,  0],
        "6":  [  0,  1],
        "91":  [  4, 15],
        "90":  [  3, 15],
        "93":  [  2, 16],
        "92":  [  5, 15],
        "95":  [  4, 16],
        "94":  [  3, 16],
        "96":  [  5, 16],
        "11":  [  5,  1],
        "10":  [  4,  1],
        "13":  [  0,  2],
        "12":  [  1,  2],
        "15":  [  2,  2],
        "14":  [  1,  2],
        "17":  [  4,  2],
        "16":  [  3,  2],
        "19":  [  0,  3],
        "18":  [  5,  2],
        "48":  [  3,  8],
        "49":  [  4,  8],
        "46":  [  1,  8],
        "47":  [  2,  8],
        "44":  [  1, 16],
        "45":  [  0,  8],
        "42":  [  5,  7],
        "43":  [  0, 16],
        "40":  [  3,  7],
        "41":  [  4,  7],
        "1":  [  1,  0],
        "5":  [  5,  0],
        "9":  [  3,  1],
        "77":  [  2, 13],
        "76":  [  1, 13],
        "75":  [  0, 13],
        "74":  [  5, 12],
        "73":  [  4, 12],
        "72":  [  3, 12],
        "71":  [  2, 12],
        "70":  [  1, 12],
        "79":  [  4, 13],
        "78":  [  3, 13]
        },
    "charas": 
        [["WeirdGuy",  9,  8],
         ["OtherWeird",  7,  9],
         ["YellowGuy", 12,  5]],
    "tileImage": "img/tile.png",
    "tilesAnimated": 
        {
        "5": 
            [[  0,  5],
             [  1,  5],
             [  2,  5],
             [  3,  5]],
        "29": 
            [[  1,  4],
             [  2,  4],
             [  1,  4],
             [  3,  4]]
        },
    "levelName": "insideLevel0",
    "layer2": 
        [[  0,  0,  0,  0,  0,  0,  0,  0,  0,  0,  0,  0,  0,  0,  0,  0,  0,  0,  0,  0],
         [  0,  0,  0,  0,  0,  0,  0,  0,  0,  0,  0,  0,  0,  0,  0,  0,  0,  0,  0,  0],
         [  0,  0,  0,  0,  0,  0,  0,  0,  0,  0,  0,  0,  0,  0,  0,  0,  0,  0,  0,  0],
         [  0,  0,  0,  0,  0,  0,  0,  0,  0,  0,  0,  0,  0,  0,  0,  0,  0,  0,  0,  0],
         [  0,  0,  0,  0,  0,  0,  0,  0,  0,  0, 31, 38,  0,  0,  0,  0,  0,  0,  0,  0],
         [  0,  0,  0,  0, 25, 25, 25,  0, 26, 26,  0,  0,  0,  0,  0,  0,  0,  0,  0,  0],
         [  0,  0,  0,  0, 25, 25, 25,  0, 27, 27,  0,  0,  0,  0,  0,  0,  0,  0,  0,  0],
         [  0,  0,  0,  0, 25, 25, 25,  0,  0,  0,  0,  0,  0,  0,  0,  0,  0,  0,  0,  0],
         [  0,  0,  0,  0, 25, 25, 25,  0,  0,  0,  0, 39, 40,  0,  0,  0,  0,  0,  0,  0],
         [  0,  0,  0,  0, 25, 25, 25,  0,  0,  0,  0, 29,  0,  0,  0,  0,  0,  0,  0,  0],
         [  0,  0,  0,  0,  0,  0,  0,  0,  0,  0,  0,  0,  0,  0,  0,  0,  0,  0,  0,  0],
         [  0,  0,  0,  0,  0,  0,  0,  0,  0,  0,  0,  0,  0,  0,  0,  0,  0,  0,  0,  0],
         [  0,  0,  0,  0,  0,  0,  0,  0,  0,  0,  0,  0,  0,  0,  0,  0,  0,  0,  0,  0],
         [  0,  0,  0,  0,  0,  0,  0,  0,  0,  0,  0,  0,  0,  0,  0,  0,  0,  0,  0,  0],
         [  0,  0,  0,  0,  0,  0,  0,  0,  0,  0,  0,  0,  0,  0,  0,  0,  0,  0,  0,  0],
         [  0,  0,  0,  0,  0,  0,  0,  0,  0,  0,  0,  0,  0,  0,  0,  0,  0,  0,  0,  0],
         [  0,  0,  0,  0,  0,  0,  0,  0,  0,  0,  0,  0,  0,  0,  0,  0,  0,  0,  0,  0],
         [  0,  0,  0,  0,  0,  0,  0,  0,  0,  0,  0,  0,  0,  0,  0,  0,  0,  0,  0,  0],
         [  0,  0,  0,  0,  0,  0,  0,  0,  0,  0,  0,  0,  0,  0,  0,  0,  0,  0,  0,  0],
         [  0,  0,  0,  0,  0,  0,  0,  0,  0,  0,  0,  0,  0,  0,  0,  0,  0,  0,  0,  0]],
    "layer1": 
        [[ 45, 45, 45, 45, 45, 45, 45, 45, 45, 45, 45, 45, 45, 45, 45, 45, 45, 45, 45, 45],
         [ 45, 45, 45, 45, 45, 45, 45, 45, 45, 45, 45, 45, 45, 45, 45, 45, 45, 45, 45, 45],
         [ 45, 45, 45, 48, 59, 59, 59, 59, 49, 48, 59, 59, 59, 49, 45, 45, 45, 45, 45, 45],
         [ 45, 45, 45, 58, 94, 44, 43, 96, 83, 62, 94, 43, 96, 60, 45, 45, 45, 45, 45, 45],
         [ 45, 45, 45, 58, 93, 28, 36, 95, 94, 96, 35, 35, 95, 60, 45, 45, 45, 45, 45, 45],
         [ 45, 45, 45, 58,  5,  5,  5, 42, 93, 95, 42, 42, 42, 60, 45, 45, 45, 45, 45, 45],
         [ 45, 45, 45, 58,  5,  5,  5, 42, 42, 42, 42, 42, 42, 51, 45, 45, 45, 45, 45, 45],
         [ 45, 45, 45, 58,  5,  5,  5, 42, 42, 42, 42, 94, 96, 60, 45, 45, 45, 45, 45, 45],
         [ 45, 45, 45, 58,  5,  5,  5, 42, 42, 42, 42, 35, 35, 60, 45, 45, 45, 45, 45, 45],
         [ 45, 45, 45, 58,  5,  5,  5, 42, 42, 42, 42, 42, 42, 60, 45, 45, 45, 45, 45, 45],
         [ 45, 45, 45, 47, 42, 42, 42, 42, 42, 42, 42, 42, 42, 46, 45, 45, 45, 45, 45, 45],
         [ 45, 45, 45, 45, 45, 45, 45, 45, 45, 45, 45, 45, 45, 45, 45, 45, 45, 45, 45, 45],
         [ 45, 45, 45, 45, 45, 45, 45, 45, 45, 45, 45, 45, 45, 45, 45, 45, 45, 45, 45, 45],
         [ 45, 45, 45, 45, 45, 45, 45, 45, 45, 45, 45, 45, 45, 45, 45, 45, 45, 45, 45, 45],
         [ 45, 45, 45, 45, 45, 45, 45, 45, 45, 45, 45, 45, 45, 45, 45, 45, 45, 45, 45, 45],
         [ 45, 45, 45, 45, 45, 45, 45, 45, 45, 45, 45, 45, 45, 45, 45, 45, 45, 45, 45, 45],
         [ 45, 45, 45, 45, 45, 45, 45, 45, 45, 45, 45, 45, 45, 45, 45, 45, 45, 45, 45, 45],
         [ 45, 45, 45, 45, 45, 45, 45, 45, 45, 45, 45, 45, 45, 45, 45, 45, 45, 45, 45, 45],
         [ 45, 45, 45, 45, 45, 45, 45, 45, 45, 45, 45, 45, 45, 45, 45, 45, 45, 45, 45, 45],
         [ 45, 45, 45, 45, 45, 45, 45, 45, 45, 45, 45, 45, 45, 45, 45, 45, 45, 45, 45, 45]],
    "layer4": 
        [[  0,  0,  0,  0,  0,  0,  0,  0,  0,  0,  0,  0,  0,  0,  0,  0,  0,  0,  0,  0],
         [  0,  0,  0,  0,  0,  0,  0,  0,  0,  0,  0,  0,  0,  0,  0,  0,  0,  0,  0,  0],
         [  0,  0,  0,  0,  0,  0,  0,  0,  0,  0,  0,  0,  0,  0,  0,  0,  0,  0,  0,  0],
         [  0,  0,  0,  0,  0,  0,  0,  0,  0,  0,  0,  0,  0,  0,  0,  0,  0,  0,  0,  0],
         [  0,  0,  0,  0,  0,  0,  0,  0,  0,  0,  0,  0,  0,  0,  0,  0,  0,  0,  0,  0],
         [  0,  0,  0,  0,  0,  0,  0,  0,  0,  0,  0,  0,  0,  0,  0,  0,  0,  0,  0,  0],
         [  0,  0,  0,  0,  0,  0,  0,  0,  0,  0,  0, 67, 63,  0,  0,  0,  0,  0,  0,  0],
         [  0,  0,  0,  0,  0,  0,  0,  0,  0,  0,  0,  0,  0,  0,  0,  0,  0,  0,  0,  0],
         [  0,  0,  0,  0,  0,  0,  0,  0,  0,  0,  0,  0,  0,  0,  0,  0,  0,  0,  0,  0],
         [  0,  0,  0,  0,  0,  0,  0,  0,  0,  0,  0,  0,  0,  0,  0,  0,  0,  0,  0,  0],
         [  0,  0,  0,  0, 57, 57, 57, 57, 57, 57, 57, 57, 57,  0,  0,  0,  0,  0,  0,  0],
         [  0,  0,  0,  0,  0,  0,  0,  0,  0,  0,  0,  0,  0,  0,  0,  0,  0,  0,  0,  0],
         [  0,  0,  0,  0,  0,  0,  0,  0,  0,  0,  0,  0,  0,  0,  0,  0,  0,  0,  0,  0],
         [  0,  0,  0,  0,  0,  0,  0,  0,  0,  0,  0,  0,  0,  0,  0,  0,  0,  0,  0,  0],
         [  0,  0,  0,  0,  0,  0,  0,  0,  0,  0,  0,  0,  0,  0,  0,  0,  0,  0,  0,  0],
         [  0,  0,  0,  0,  0,  0,  0,  0,  0,  0,  0,  0,  0,  0,  0,  0,  0,  0,  0,  0],
         [  0,  0,  0,  0,  0,  0,  0,  0,  0,  0,  0,  0,  0,  0,  0,  0,  0,  0,  0,  0],
         [  0,  0,  0,  0,  0,  0,  0,  0,  0,  0,  0,  0,  0,  0,  0,  0,  0,  0,  0,  0],
         [  0,  0,  0,  0,  0,  0,  0,  0,  0,  0,  0,  0,  0,  0,  0,  0,  0,  0,  0,  0],
         [  0,  0,  0,  0,  0,  0,  0,  0,  0,  0,  0,  0,  0,  0,  0,  0,  0,  0,  0,  0]],
    "eventsActions": 
        {
        "1": 
            [["fadeOut","blackFadeOut;keepEffect"],
             ["teleport","4;9;level0"],
             ["fadeIn","blackFadeIn;doNotKeep"]],
        "3": 
            [["changeTile","40;layer2;keep;4;11;4;this"],
             ["changeTile","39;layer2;keep;keep;10;4;this"]],
        "2": 
            [["showText","this locker is locked"],
             ["fadeOut","pixelizeFadeOut;keepEffect"],
             ["showText","wait... what's this?"],
             ["teleport","8;2;level1"],
             ["fadeIn","pixelizeFadeIn;doNotKeep"],
             ["showText","crazy things..."]],
        "5":  [""],
        "4": 
            [["changeTile","38;layer2;keep;3;11;4;this"],
             ["changeTile","37;layer2;keep;keep;10;4;this"]],
        "7": 
            [["changeTile","26;layer2;keep;6;current"]],
        "6": 
            [["changeTile","30;layer2;keep;7;current"]],
        "9":  [""]
        },
    "colision": 
        [[  0,  0,  0,  0,  0,  0,  0,  0,  0,  0,  0,  0,  0,  0,  0,  0,  0,  0,  0,  0],
         [  0,  0,  0,  0,  0,  0,  0,  0,  0,  0,  0,  0,  0,  0,  0,  0,  0,  0,  0,  0],
         [  0,  0,  0,  1,  1,  1,  1,  1,  1,  1,  1,  1,  1,  1,  0,  0,  0,  0,  0,  0],
         [  0,  0,  0,  1,  1,  1,  1,  1,  1,  1,  1,  1,  1,  1,  0,  0,  0,  0,  0,  0],
         [  0,  0,  0,  1,  1,  0,  1,  1,  1,  1,  1,  1,  1,  1,  0,  0,  0,  0,  0,  0],
         [  0,  0,  0,  1,  0,  0,  0,  0,  1,  1,  0,  0,  0,  1,  0,  0,  0,  0,  0,  0],
         [  0,  0,  0,  1,  0,  0,  0,  0,  0,  0,  0,  0,  0,  1,  0,  0,  0,  0,  0,  0],
         [  0,  0,  0,  1,  0,  0,  0,  0,  0,  0,  0,  1,  1,  1,  0,  0,  0,  0,  0,  0],
         [  0,  0,  0,  1,  0,  0,  0,  0,  0,  0,  0,  1,  1,  1,  0,  0,  0,  0,  0,  0],
         [  0,  0,  0,  1,  0,  0,  0,  0,  0,  0,  0,  0,  0,  1,  0,  0,  0,  0,  0,  0],
         [  0,  0,  0,  1,  0,  0,  0,  0,  0,  0,  0,  0,  0,  1,  0,  0,  0,  0,  0,  0],
         [  0,  0,  0,  1,  1,  1,  1,  1,  1,  1,  1,  1,  1,  1,  0,  0,  0,  0,  0,  0],
         [  0,  0,  0,  0,  0,  0,  0,  0,  0,  0,  0,  0,  0,  0,  0,  0,  0,  0,  0,  0],
         [  0,  0,  0,  0,  0,  0,  0,  0,  0,  0,  0,  0,  0,  0,  0,  0,  0,  0,  0,  0],
         [  0,  0,  0,  0,  0,  0,  0,  0,  0,  0,  0,  0,  0,  0,  0,  0,  0,  0,  0,  0],
         [  0,  0,  0,  0,  0,  0,  0,  0,  0,  0,  0,  0,  0,  0,  0,  0,  0,  0,  0,  0],
         [  0,  0,  0,  0,  0,  0,  0,  0,  0,  0,  0,  0,  0,  0,  0,  0,  0,  0,  0,  0],
         [  0,  0,  0,  0,  0,  0,  0,  0,  0,  0,  0,  0,  0,  0,  0,  0,  0,  0,  0,  0],
         [  0,  0,  0,  0,  0,  0,  0,  0,  0,  0,  0,  0,  0,  0,  0,  0,  0,  0,  0,  0],
         [  0,  0,  0,  0,  0,  0,  0,  0,  0,  0,  0,  0,  0,  0,  0,  0,  0,  0,  0,  0]],
    "eventsType": 
        {
        "1":  [  0,  1],
        "3":  [  1,  0],
        "2":  [  1,  0],
        "5":  [  1,  0],
        "4":  [  1,  0],
        "7":  [  1,  0],
        "6":  [  1,  0],
        "9":  [  1,  0]
        },
    "events": 
        [[  0,  0,  0,  0,  0,  0,  0,  0,  0,  0,  0,  0,  0,  0,  0,  0,  0,  0,  0,  0],
         [  0,  0,  0,  0,  0,  0,  0,  0,  0,  0,  0,  0,  0,  0,  0,  0,  0,  0,  0,  0],
         [  0,  0,  0,  0,  0,  0,  0,  0,  0,  0,  0,  0,  0,  0,  0,  0,  0,  0,  0,  0],
         [  0,  0,  0,  0,  0,  0,  0,  0,  0,  0,  0,  4,  0,  0,  0,  0,  0,  0,  0,  0],
         [  0,  0,  0,  0,  0,  1,  0,  0,  7,  0,  0,  3,  0,  0,  0,  0,  0,  0,  0,  0],
         [  0,  0,  0,  0,  0,  0,  0,  0,  6,  6,  0,  0,  0,  0,  0,  0,  0,  0,  0,  0],
         [  0,  0,  0,  0,  0,  0,  0,  0,  0,  0,  0,  0,  0,  0,  0,  0,  0,  0,  0,  0],
         [  0,  0,  0,  0,  0,  0,  0,  0,  0,  0,  0,  0,  0,  0,  0,  0,  0,  0,  0,  0],
         [  0,  0,  0,  0,  0,  0,  0,  0,  0,  0,  0,  0,  0,  0,  0,  0,  0,  0,  0,  0],
         [  0,  0,  0,  0,  0,  0,  0,  0,  0,  0,  0,  0,  0,  0,  0,  0,  0,  0,  0,  0],
         [  0,  0,  0,  0,  0,  0,  0,  0,  0,  0,  0,  0,  0,  0,  0,  0,  0,  0,  0,  0],
         [  0,  0,  0,  0,  0,  0,  0,  0,  0,  0,  0,  0,  0,  0,  0,  0,  0,  0,  0,  0],
         [  0,  0,  0,  0,  0,  0,  0,  0,  0,  0,  0,  0,  0,  0,  0,  0,  0,  0,  0,  0],
         [  0,  0,  0,  0,  0,  0,  0,  0,  0,  0,  0,  0,  0,  0,  0,  0,  0,  0,  0,  0],
         [  0,  0,  0,  0,  0,  0,  0,  0,  0,  0,  0,  0,  0,  0,  0,  0,  0,  0,  0,  0],
         [  0,  0,  0,  0,  0,  0,  0,  0,  0,  0,  0,  0,  0,  0,  0,  0,  0,  0,  0,  0],
         [  0,  0,  0,  0,  0,  0,  0,  0,  0,  0,  0,  0,  0,  0,  0,  0,  0,  0,  0,  0],
         [  0,  0,  0,  0,  0,  0,  0,  0,  0,  0,  0,  0,  0,  0,  0,  0,  0,  0,  0,  0],
         [  0,  0,  0,  0,  0,  0,  0,  0,  0,  0,  0,  0,  0,  0,  0,  0,  0,  0,  0,  0],
         [  0,  0,  0,  0,  0,  0,  0,  0,  0,  0,  0,  0,  0,  0,  0,  0,  0,  0,  0,  0]]
    }
}