
{
"Level": 
    {
    "tiles": 
        {
        "24":  [  5,  3],
        "25":  [  0,  4],
        "26":  [  4,  4],
        "27":  [  4,  5],
        "20":  [  1,  3],
        "21":  [  2,  3],
        "22":  [  3,  3],
        "23":  [  4,  3],
        "28":  [  5,  4],
        "29":  [  1,  4],
        "1":  [  1,  0],
        "3":  [  3,  0],
        "2":  [  2,  0],
        "5":  [  5,  0],
        "4":  [  4,  0],
        "7":  [  1,  1],
        "6":  [  0,  1],
        "9":  [  3,  1],
        "8":  [  2,  1],
        "11":  [  5,  1],
        "10":  [  4,  1],
        "13":  [  0,  2],
        "12":  [  1,  2],
        "15":  [  2,  2],
        "14":  [  1,  2],
        "17":  [  4,  2],
        "16":  [  3,  2],
        "19":  [  0,  3],
        "18":  [  5,  2]
        },
    "tileImage": "img/tile.png",
    "tilesAnimated": 
        {
        "5": 
            [[  0,  5],
             [  1,  5],
             [  2,  5],
             [  3,  5]],
        "29": 
            [[  1,  4],
             [  2,  4],
             [  1,  4],
             [  3,  4]]
        },
    "levelName": "level1",
    "layer2": 
        [[  0,  0, 13, 14, 14, 14, 14, 14, 14, 14, 14, 14, 14, 14, 15,  0,  0,  0,  0,  0],
         [  0, 13, 20,  0,  0,  0,  0,  0, 26, 26,  0,  0,  0,  0, 19, 15,  0,  0,  0,  0],
         [  0, 10,  0, 22, 17, 21,  0,  0, 27, 27,  0,  0,  0, 25,  0, 19, 15,  0,  0,  0],
         [  0, 10,  0, 11,  0, 10,  0, 29,  0,  0,  0,  0,  0, 25,  0,  0, 11,  0,  0,  0],
         [  0, 10,  0, 19, 14, 20,  0,  0,  0,  0,  0,  0,  0, 25,  0,  0, 11,  0,  0,  0],
         [  0, 10,  0,  0,  0,  0,  0,  0, 25, 25, 25, 25, 25, 25,  0,  0, 11,  0,  0,  0],
         [  0, 10,  0,  0,  0,  0,  0,  0, 25, 25, 25, 25, 25, 25,  0,  0, 19, 15,  0,  0],
         [  0, 10,  0,  0,  0,  0,  0,  0, 25, 25, 25, 25, 25, 25,  0,  0,  0, 19, 15,  0],
         [  0, 10,  0,  0,  0,  0,  0,  0, 25, 25, 25, 25, 25, 25,  0,  0,  0,  0, 11,  0],
         [  0, 10,  0, 22, 17, 21,  0,  0,  0,  0,  0,  0,  0,  0,  0,  0,  0,  0, 11,  0],
         [  0, 10,  0, 11,  0, 16, 21,  0,  0,  0,  0,  0,  0,  0,  0,  0,  0,  0, 11,  0],
         [  0, 10,  0, 19, 15,  0, 16, 21,  0,  0,  0,  0,  0,  0,  0,  0,  0,  0, 11,  0],
         [  0, 10,  0,  0, 19, 15,  0, 10,  0,  0,  0,  0,  0,  0,  0,  0,  0,  0, 11,  0],
         [  0, 10,  0,  0,  0, 19, 12, 20,  0,  0,  0,  0,  0,  0,  0,  0,  0,  0, 11,  0],
         [  0, 10,  0,  0,  0,  0,  0,  0,  0,  0,  0,  0,  0,  0,  0,  0,  0,  0, 11,  0],
         [  0, 16, 21,  0,  0,  0,  0,  0,  0,  0,  0, 22, 21,  0,  0,  0,  0,  0, 11,  0],
         [  0,  0, 16, 17, 17, 17, 17, 17, 17, 17, 17, 18, 10,  0,  0,  0,  0,  0, 11,  0],
         [  0,  0,  0,  0,  0,  0,  0,  0,  0,  0,  0,  0, 16, 21,  0,  0,  0,  0, 11,  0],
         [  0,  0,  0,  0,  0,  0,  0,  0,  0,  0,  0,  0,  0, 16, 21,  0,  0,  0, 11,  0],
         [  0,  0,  0,  0,  0,  0,  0,  0,  0,  0,  0,  0,  0,  0, 16, 17, 17, 17, 18,  0]],
    "layer1": 
        [[  5,  5,  5,  5,  5,  5,  5,  5,  5,  5,  5,  5,  5,  5,  5,  5,  5,  5,  5,  5],
         [  5,  5,  5,  8,  7,  7,  7,  7,  7,  7,  7,  7,  7, 28,  5,  5,  5,  5,  5,  5],
         [  5,  5,  7,  3,  3,  3,  7,  7,  7,  7,  7,  8,  8,  5,  7,  5,  5,  5,  5,  5],
         [  5,  5,  7,  3,  4,  3,  7,  7,  7,  7,  8,  7,  7,  5,  7,  7,  5,  5,  5,  5],
         [  5,  5,  7,  3,  3,  3,  7,  7,  7,  7,  7,  7,  7,  5,  7,  7,  5,  5,  5,  5],
         [  5,  5,  8,  7,  7,  7,  7,  7,  5,  5,  5,  5,  5,  5,  7,  8,  5,  5,  5,  5],
         [  5,  5,  7,  7,  7,  8,  7,  7,  5,  5,  5,  5,  5,  5,  7,  7,  5,  5,  5,  5],
         [  5,  5,  7,  7,  9,  7,  7,  7,  5,  5,  5,  5,  5,  5,  7,  7,  7,  5,  5,  5],
         [  5,  5,  7,  7,  7,  7,  7,  7,  5,  5,  5,  5,  5,  5,  7,  8,  7,  9,  5,  5],
         [  5,  5,  7,  1,  1,  1,  7,  7,  7,  7,  9,  7,  7,  7,  7,  8,  8,  7,  5,  5],
         [  5,  5,  7,  1,  4,  1,  1,  7,  7,  9,  7,  7,  7,  8,  8,  8,  9,  7,  5,  5],
         [  5,  5,  8,  1,  1,  4,  1,  1,  7,  9,  8,  8,  8,  9,  8,  9,  8,  7,  5,  5],
         [  5,  5,  8,  7,  1,  1,  1,  4,  7,  7,  7,  7,  7,  9,  9,  7,  8,  9,  5,  5],
         [  5,  5,  7,  7,  7,  1,  1,  1,  7,  7,  9,  8,  8,  9,  9,  9,  8,  9,  5,  5],
         [  5,  5,  7,  7,  7,  7,  7,  7,  7,  9,  9,  7,  8,  7,  8,  8,  7,  9,  5,  5],
         [  5,  5,  5,  7,  7,  7,  7,  9,  9,  7,  7,  5,  5,  7,  7,  9,  9,  9,  5,  5],
         [  5,  5,  5,  5,  5,  5,  5,  5,  5,  5,  5,  5,  5,  7,  7,  7,  7,  8,  5,  5],
         [  5,  5,  5,  5,  5,  5,  5,  5,  5,  5,  5,  5,  5,  5,  7,  8,  8,  9,  5,  5],
         [  5,  5,  5,  5,  5,  5,  5,  5,  5,  5,  5,  5,  5,  5,  5,  7,  9,  8,  5,  5],
         [  5,  5,  5,  5,  5,  5,  5,  5,  5,  5,  5,  5,  5,  5,  5,  5,  5,  5,  5,  5]],
    "layer4": 
        [[  0,  0,  0,  0,  0,  0,  0,  0,  0,  0,  0,  0,  0,  0,  0,  0,  0,  0,  0,  0],
         [  0,  0,  0,  0,  0,  0,  0,  0,  0,  0,  0,  0,  0,  0,  0,  0,  0,  0,  0,  0],
         [  0,  0,  0,  0,  0,  0,  0,  0,  0,  0,  0,  0,  0,  0,  0,  0,  0,  0,  0,  0],
         [  0,  0,  0,  0,  0,  0,  0,  0,  0,  0,  0,  0,  0,  0,  0,  0,  0,  0,  0,  0],
         [  0,  0,  0,  0,  0,  0,  0,  0,  0,  0,  0,  0,  0,  0,  0,  0,  0,  0,  0,  0],
         [  0,  0,  0,  0,  0,  0,  0,  0,  0,  0,  0,  0,  0,  0,  0,  0,  0,  0,  0,  0],
         [  0,  0,  0,  0,  0,  0,  0,  0,  0,  0,  0,  0,  0,  0,  0,  0,  0,  0,  0,  0],
         [  0,  0,  0,  0,  0,  0,  0,  0,  0,  0,  0,  0,  0,  0,  0,  0,  0,  0,  0,  0],
         [  0,  0,  0,  0,  0,  0,  0,  0,  0,  0,  0,  0,  0,  0,  0,  0,  0,  0,  0,  0],
         [  0,  0,  0,  0,  0,  0,  0,  0,  0,  0,  0,  0,  0,  0,  0,  0,  0,  0,  0,  0],
         [  0,  0,  0,  0,  0,  0,  0,  0,  0,  0,  0,  0,  0,  0,  0,  0,  0,  0,  0,  0],
         [  0,  0,  0,  0,  0,  0,  0,  0,  0,  0,  0,  0,  0,  0,  0,  0,  0,  0,  0,  0],
         [  0,  0,  0,  0,  0,  0,  0,  0,  0,  0,  0,  0,  0,  0,  0,  0,  0,  0,  0,  0],
         [  0,  0,  0,  0,  0,  0,  0,  0,  0,  0,  0,  0,  0,  0,  0,  0,  0,  0,  0,  0],
         [  0,  0,  0,  0,  0,  0,  0,  0,  0,  0,  0,  0,  0,  0,  0,  0,  0,  0,  0,  0],
         [  0,  0,  0,  0,  0,  0,  0,  0,  0,  0,  0,  0,  0,  0,  0,  0,  0,  0,  0,  0],
         [  0,  0,  0,  0,  0,  0,  0,  0,  0,  0,  0,  0,  0,  0,  0,  0,  0,  0,  0,  0],
         [  0,  0,  0,  0,  0,  0,  0,  0,  0,  0,  0,  0,  0,  0,  0,  0,  0,  0,  0,  0],
         [  0,  0,  0,  0,  0,  0,  0,  0,  0,  0,  0,  0,  0,  0,  0,  0,  0,  0,  0,  0],
         [  0,  0,  0,  0,  0,  0,  0,  0,  0,  0,  0,  0,  0,  0,  0,  0,  0,  0,  0,  0]],
    "eventsActions": 
        {
        "1": 
            [["fadeIn","pixelizeFadeIn;doNotKeep"],
             ["teleport","2;2;level0"]],
        "2": 
            [["fadeOut","pixelizeFadeOut;doNotKeep"],
             ["showText","I'm a turtle!"]],
        "5": 
            [[""]],
        "4": 
            [["fadeOut","pixelizeFadeOut;keepEffect"],
             ["teleport","9;8;level2"],
             ["fadeIn","pixelizeFadeIn;doNotKeep"]],
        "6": 
            [["teleport","2;3;level0"]],
        "8": 
            [["changeTile","29;layer2;keep;keep;9;1;this"],
             ["changeTile","0;layer2;keep;keep;9;2;this"],
             ["showText","Oh! You found me!"]]
        },
    "colision": 
        [[  1,  1,  0,  0,  0,  0,  0,  0,  0,  0,  0,  0,  0,  0,  0,  1,  1,  1,  1,  1],
         [  1,  0,  0,  0,  0,  0,  0,  0,  1,  1,  0,  0,  0,  0,  0,  0,  1,  1,  1,  1],
         [  1,  0,  0,  0,  0,  0,  0,  0,  0,  0,  0,  0,  0,  0,  0,  0,  0,  1,  1,  1],
         [  1,  0,  0,  0,  0,  0,  0,  0,  0,  0,  0,  0,  0,  0,  0,  0,  0,  1,  1,  1],
         [  1,  0,  0,  0,  0,  0,  0,  0,  0,  0,  0,  0,  0,  0,  0,  0,  0,  1,  1,  1],
         [  1,  0,  0,  0,  0,  0,  0,  0,  0,  0,  0,  0,  0,  0,  0,  0,  0,  1,  1,  1],
         [  1,  0,  0,  0,  0,  0,  0,  0,  0,  0,  0,  0,  0,  0,  0,  0,  0,  0,  1,  1],
         [  1,  0,  0,  0,  0,  0,  0,  0,  0,  0,  0,  0,  0,  0,  0,  0,  0,  0,  0,  1],
         [  1,  0,  0,  0,  0,  0,  0,  0,  0,  0,  0,  0,  0,  0,  0,  0,  0,  0,  0,  1],
         [  1,  0,  0,  0,  0,  0,  0,  0,  0,  0,  0,  0,  0,  0,  0,  0,  0,  0,  0,  1],
         [  1,  0,  0,  0,  0,  0,  0,  0,  0,  0,  0,  0,  0,  0,  0,  0,  0,  0,  0,  1],
         [  1,  0,  0,  0,  0,  0,  0,  0,  0,  0,  0,  0,  0,  0,  0,  0,  0,  0,  0,  1],
         [  1,  0,  0,  0,  0,  0,  0,  0,  0,  0,  0,  0,  0,  0,  0,  0,  0,  0,  0,  1],
         [  1,  0,  0,  0,  0,  0,  0,  0,  0,  0,  0,  0,  0,  0,  0,  0,  0,  0,  0,  1],
         [  1,  0,  0,  0,  0,  0,  0,  0,  0,  0,  0,  0,  0,  0,  0,  0,  0,  0,  0,  1],
         [  1,  0,  0,  0,  0,  0,  0,  0,  0,  0,  0,  0,  0,  0,  0,  0,  0,  0,  0,  1],
         [  1,  1,  0,  0,  0,  0,  0,  0,  0,  0,  0,  0,  0,  0,  0,  0,  0,  0,  0,  1],
         [  1,  1,  1,  1,  1,  1,  1,  1,  1,  1,  1,  1,  0,  0,  0,  0,  0,  0,  0,  1],
         [  1,  1,  1,  1,  1,  1,  1,  1,  1,  1,  1,  1,  1,  0,  0,  0,  0,  0,  0,  1],
         [  1,  1,  1,  1,  1,  1,  1,  1,  1,  1,  1,  1,  1,  1,  0,  0,  0,  0,  0,  1]],
    "eventsType": 
        {
        "1":  [  0,  1],
        "2":  [  0,  1],
        "5":  [  1,  0],
        "4":  [  1,  0],
        "6":  [  0,  1],
        "8":  [  1,  0]
        },
    "events": 
        [[  0,  0,  0,  0,  0,  0,  0,  0,  0,  0,  0,  0,  0,  0,  0,  0,  0,  0,  0,  0],
         [  0,  0,  0,  0,  0,  0,  0,  0,  4,  8,  0,  0,  0,  1,  0,  0,  0,  0,  0,  0],
         [  0,  0,  0,  0,  0,  0,  0,  0,  0,  0,  0,  0,  0,  0,  0,  0,  0,  0,  0,  0],
         [  0,  0,  0,  0,  6,  0,  0,  2,  0,  0,  0,  0,  0,  0,  0,  0,  0,  0,  0,  0],
         [  0,  0,  0,  0,  0,  0,  0,  0,  0,  0,  0,  0,  0,  0,  0,  0,  0,  0,  0,  0],
         [  0,  0,  0,  0,  0,  0,  0,  0,  0,  0,  0,  0,  0,  0,  0,  0,  0,  0,  0,  0],
         [  0,  0,  0,  0,  0,  0,  0,  0,  0,  0,  0,  0,  0,  0,  0,  0,  0,  0,  0,  0],
         [  0,  0,  0,  0,  0,  0,  0,  0,  0,  0,  0,  0,  0,  0,  0,  0,  0,  0,  0,  0],
         [  0,  0,  0,  0,  0,  0,  0,  0,  0,  0,  0,  0,  0,  0,  0,  0,  0,  0,  0,  0],
         [  0,  0,  0,  0,  0,  0,  0,  0,  0,  0,  0,  0,  0,  0,  0,  0,  0,  0,  0,  0],
         [  0,  0,  0,  0,  0,  0,  0,  0,  0,  0,  0,  0,  0,  0,  0,  0,  0,  0,  0,  0],
         [  0,  0,  0,  0,  0,  0,  0,  0,  0,  0,  0,  0,  0,  0,  0,  0,  0,  0,  0,  0],
         [  0,  0,  0,  0,  0,  0,  0,  0,  0,  0,  0,  0,  0,  0,  0,  0,  0,  0,  0,  0],
         [  0,  0,  0,  0,  0,  0,  0,  0,  0,  0,  0,  0,  0,  0,  0,  0,  0,  0,  0,  0],
         [  0,  0,  0,  0,  0,  0,  0,  0,  0,  0,  0,  0,  0,  0,  0,  0,  0,  0,  0,  0],
         [  0,  0,  0,  0,  0,  0,  0,  0,  0,  0,  0,  0,  0,  0,  0,  0,  0,  0,  0,  0],
         [  0,  0,  0,  0,  0,  0,  0,  0,  0,  0,  0,  0,  0,  0,  0,  0,  0,  0,  0,  0],
         [  0,  0,  0,  0,  0,  0,  0,  0,  0,  0,  0,  0,  0,  0,  0,  0,  0,  0,  0,  0],
         [  0,  0,  0,  0,  0,  0,  0,  0,  0,  0,  0,  0,  0,  0,  0,  0,  0,  0,  0,  0],
         [  0,  0,  0,  0,  0,  0,  0,  0,  0,  0,  0,  0,  0,  0,  0,  0,  0,  0,  0,  0]]
    }
}