
{
"Level":
    {
    "tiles":
        {
        "24":  [  5,  3],
        "25":  [  0,  4],
        "26":  [  4,  4],
        "27":  [  4,  5],
        "20":  [  1,  3],
        "21":  [  2,  3],
        "22":  [  3,  3],
        "23":  [  4,  3],
        "28":  [  5,  4],
        "29":  [  1,  4],
        "1":  [  1,  0],
        "3":  [  3,  0],
        "2":  [  2,  0],
        "5":  [  5,  0],
        "4":  [  4,  0],
        "7":  [  1,  1],
        "6":  [  0,  1],
        "9":  [  3,  1],
        "8":  [  2,  1],
        "11":  [  5,  1],
        "10":  [  4,  1],
        "13":  [  0,  2],
        "12":  [  1,  2],
        "15":  [  2,  2],
        "14":  [  1,  2],
        "17":  [  4,  2],
        "16":  [  3,  2],
        "19":  [  0,  3],
        "18":  [  5,  2]
        },
    "charas":
        [["WeirdGuy",  3,  4]],
    "tileImage": "img/tile.png",
    "tilesAnimated":
        {
        "5":
            [[  0,  5],
             [  1,  5],
             [  2,  5],
             [  3,  5]],
        "29":
            [[  1,  4],
             [  2,  4],
             [  1,  4],
             [  3,  4]]
        },
    "levelName": "level0",
    "layer2":
        [[  0,  0,  0,  0,  0,  0,  0,  0,  0,  0,  0,  0, 22, 18, 10,  0, 22, 18,  0,  0],
         [  0, 22, 17, 21,  0,  0,  0,  0,  0,  0,  0,  0, 11, 13, 20, 22, 18,  0,  0,  0],
         [  0, 11,  0, 10,  0,  0,  0,  0,  0,  0,  0, 22, 18, 16, 17, 18,  0,  0,  0,  0],
         [  0, 19, 14, 20,  0,  0,  0,  0,  0,  0,  0, 11,  0,  0,  0,  0,  0,  0,  0,  0],
         [  0,  0,  0,  0,  0,  0,  0,  0,  0,  0,  0, 19, 14, 15,  0,  0,  0,  0,  0,  0],
         [  0,  0,  0,  0,  0,  0,  0,  0,  0,  0,  0,  0,  0, 19, 15,  0,  0,  0,  0,  0],
         [  0,  0,  0,  0,  0,  0,  0,  0,  0,  0,  0,  0,  0,  0, 11,  0,  0,  0,  0,  0],
         [  0,  0,  0,  0,  0,  0,  0,  0,  0,  0,  0,  0,  0,  0, 19, 15,  0,  0,  0,  0],
         [  0,  0, 26,  0,  0,  0, 26,  0,  0,  0,  0,  0,  0,  0,  0, 19, 15,  0,  0,  0],
         [  0,  0, 27,  0,  0,  0, 27,  0,  0, 29,  0,  0,  0,  0,  0,  0, 11,  0,  0,  0],
         [  0,  0,  0,  0,  0,  0,  0,  0,  0,  0,  0,  0,  0,  0,  0,  0, 11,  0,  0,  0],
         [  0, 22, 21,  0,  0,  0,  0,  0,  0,  0, 22, 17, 21,  0,  0,  0, 19, 15,  0,  0],
         [ 17, 18, 16, 21,  0,  0,  0,  0,  0, 22, 18,  0, 16, 21,  0,  0, 22, 18,  0,  0],
         [  0,  0,  0, 16, 21,  0,  0,  0,  0, 11,  0,  0,  0, 10,  0, 22, 18,  0,  0,  0],
         [  0,  0,  0, 13, 20,  0,  0,  0,  0, 19, 15,  0, 13, 20, 22, 18,  0,  0,  0,  0],
         [  0,  0, 13, 20,  0,  0,  0,  0,  0,  0, 19, 15, 16, 21, 11,  0,  0,  0,  0,  0],
         [  0,  0, 16, 21,  0,  0,  0,  0,  0,  0,  0, 19, 14, 20, 11,  0,  0,  0,  0,  0],
         [  0,  0,  0, 16, 17, 21,  0,  0,  0,  0,  0,  0,  0, 22, 18,  0,  0,  0,  0,  0],
         [  0,  0,  0,  0,  0, 16, 17, 21,  0,  0,  0,  0,  0, 11,  0,  0,  0,  0,  0,  0],
         [  0,  0,  0,  0,  0,  0,  0, 10,  0,  0,  0,  0,  0, 11,  0,  0,  0,  0,  0,  0]],
    "layer1":
        [[  7,  7,  7,  7,  7,  7,  7,  7,  7,  7,  7,  9,  5,  5,  5,  9,  5,  5,  5,  5],
         [  7,  1,  1,  1,  7,  7,  7,  7,  7,  7,  7,  9,  5,  5,  5,  5,  5,  5,  5,  5],
         [  7,  1,  4,  1,  7,  7,  7,  7,  7,  7,  7,  5,  5,  5,  5,  5,  5,  5,  5,  5],
         [  7,  1,  1,  1,  7,  9,  9,  7,  7,  7,  7,  5,  5,  5,  5,  5,  5,  5,  5,  5],
         [  7,  7,  9,  7,  9,  7,  7,  7,  7,  8,  8,  5,  5,  5,  5,  5,  5,  5,  5,  5],
         [  7,  7,  9,  9,  9,  7,  7,  7,  7,  7,  7,  7,  7,  5,  5,  5,  5,  5,  5,  5],
         [  7,  7,  9,  7,  7,  7,  7,  7,  7,  7,  7,  7,  7,  7,  5,  5,  5,  5,  5,  5],
         [  7,  7,  9,  7,  7,  7,  7,  7,  7,  7,  7,  7,  7,  7,  5,  5,  5,  5,  5,  5],
         [  7,  7,  7,  7, 28,  9,  7,  9,  7,  9,  7,  7,  7,  7,  7,  5,  5,  5,  5,  5],
         [  7,  7,  7,  9,  8,  7,  7,  7,  9,  7,  8,  7,  7,  7,  7,  7,  5,  5,  5,  5],
         [  7,  7,  7,  7,  7,  7,  9,  7,  7,  9,  9,  7,  9,  9,  8,  7,  5,  5,  5,  5],
         [  7,  1,  1,  7,  9,  7,  9,  9,  9,  7,  5,  5,  5,  7,  7,  7,  5,  5,  5,  5],
         [  1,  1,  1,  1,  7,  9,  7,  9,  9,  5,  5,  5,  5,  5,  9,  7,  5,  5,  5,  5],
         [  1,  1,  1,  1,  1,  7,  9,  9,  7,  5,  5,  5,  5,  5,  7,  5,  5,  5,  5,  5],
         [  1,  1,  1,  1,  1,  7,  9,  9,  9,  5,  5,  5,  5,  5,  5,  5,  5,  5,  5,  5],
         [  1,  1,  1,  1,  9,  9,  9,  9,  9,  9,  5,  5,  5,  5,  5,  5,  5,  5,  5,  5],
         [  1,  1,  1,  1,  9,  9,  9,  9,  7,  9,  9,  5,  5,  5,  5,  5,  5,  5,  5,  5],
         [  1,  1,  1,  1,  1,  1,  9,  9,  9,  9,  9,  9,  8,  5,  5,  5,  5,  5,  5,  5],
         [  1,  1,  1,  1,  1,  1,  1,  1,  9,  9,  7,  9,  9,  5,  5,  5,  5,  5,  5,  5],
         [  1,  1,  1,  1,  1,  1,  1,  1,  9,  9,  9,  9,  8,  5,  5,  5,  5,  5,  5,  5]],
    "layer4":
        [[  0,  0,  0,  0,  0,  0,  0,  0,  0,  0,  0,  0,  0,  0,  0,  0,  0,  0,  0,  0],
         [  0,  0,  0,  0,  0,  0,  0,  0,  0,  0,  0,  0,  0,  0,  0,  0,  0,  0,  0,  0],
         [  0,  0,  0,  0,  0,  0,  0,  0,  0,  0,  0,  0,  0,  0,  0,  0,  0,  0,  0,  0],
         [  0,  0,  0,  0,  0,  0,  0,  0,  0,  0,  0,  0,  0,  0,  0,  0,  0,  0,  0,  0],
         [  0,  0,  0,  0,  0,  0,  0,  0,  0,  0,  0,  0,  0,  0,  0,  0,  0,  0,  0,  0],
         [  0,  0,  0,  0,  0,  0,  0,  0,  0,  0,  0,  0,  0,  0,  0,  0,  0,  0,  0,  0],
         [  0,  0,  0,  0,  0,  0,  0,  0,  0,  0,  0,  0,  0,  0,  0,  0,  0,  0,  0,  0],
         [  0,  0,  0,  0,  0,  0,  0,  0,  0,  0,  0,  0,  0,  0,  0,  0,  0,  0,  0,  0],
         [  0,  0,  0,  0,  0,  0,  0,  0,  0,  0,  0,  0,  0,  0,  0,  0,  0,  0,  0,  0],
         [  0,  0,  0,  0,  0,  0,  0,  0,  0,  0,  0,  0,  0,  0,  0,  0,  0,  0,  0,  0],
         [  0,  0,  0,  0,  0,  0,  0,  0,  0,  0,  0,  0,  0,  0,  0,  0,  0,  0,  0,  0],
         [  0,  0,  0,  0,  0,  0,  0,  0,  0,  0,  0,  0,  0,  0,  0,  0,  0,  0,  0,  0],
         [  0,  0,  0,  0,  0,  0,  0,  0,  0,  0,  0,  0,  0,  0,  0,  0,  0,  0,  0,  0],
         [  0,  0,  0,  0,  0,  0,  0,  0,  0,  0,  0,  0,  0,  0,  0,  0,  0,  0,  0,  0],
         [  0,  0,  0,  0,  0,  0,  0,  0,  0,  0,  0,  0,  0,  0,  0,  0,  0,  0,  0,  0],
         [  0,  0,  0,  0,  0,  0,  0,  0,  0,  0,  0,  0,  0,  0,  0,  0,  0,  0,  0,  0],
         [  0,  0,  0,  0,  0,  0,  0,  0,  0,  0,  0,  0,  0,  0,  0,  0,  0,  0,  0,  0],
         [  0,  0,  0,  0,  0,  0,  0,  0,  0,  0,  0,  0,  0,  0,  0,  0,  0,  0,  0,  0],
         [  0,  0,  0,  0,  0,  0,  0,  0,  0,  0,  0,  0,  0,  0,  0,  0,  0,  0,  0,  0],
         [  0,  0,  0,  0,  0,  0,  0,  0,  0,  0,  0,  0,  0,  0,  0,  0,  0,  0,  0,  0]],
    "eventsActions":
        {
        "1":
            [["showText","This text has more characters than it's allowed.\nI want to see if the splitting is right.\n46.\n39.\nThose were the characters numbers."]],
        "3":
            [["showText","This locker is empty"]],
        "2":
            [["showText","Hello World!"]],
        "5":
            [["showText","maninhaaa!!!"],
             ["fadeOut","pixelizeFadeOut;doNotKeep"],
             ["teleport","10;5;insideLevel0"]],
        "4":
            [["fadeOut","whiteFadeOut;keepEffect"],
             ["teleport","5;5;insideLevel0"],
             ["fadeIn","whiteFadeIn;doNotKeep"]],
        "6":
            [["teleport","4;4;level1"]]
        },
    "colision":
        [[  0,  0,  0,  0,  0,  0,  0,  0,  0,  0,  0,  0,  0,  0,  0,  0,  0,  0,  1,  1],
         [  0,  0,  0,  0,  0,  0,  0,  0,  0,  0,  0,  0,  0,  0,  0,  0,  0,  1,  1,  1],
         [  0,  0,  0,  0,  0,  0,  0,  0,  0,  0,  0,  0,  0,  0,  0,  0,  1,  1,  1,  1],
         [  0,  0,  0,  0,  0,  0,  0,  0,  0,  0,  0,  0,  1,  1,  1,  1,  1,  1,  1,  1],
         [  0,  0,  0,  0,  0,  0,  0,  0,  0,  0,  0,  0,  0,  0,  1,  1,  1,  1,  1,  1],
         [  0,  0,  0,  0,  0,  0,  0,  0,  0,  0,  0,  0,  0,  0,  0,  1,  1,  1,  1,  1],
         [  0,  0,  0,  0,  0,  0,  0,  0,  0,  0,  0,  0,  0,  0,  0,  1,  1,  1,  1,  1],
         [  0,  0,  0,  0,  0,  0,  0,  0,  0,  0,  0,  0,  0,  0,  0,  0,  1,  1,  1,  1],
         [  0,  0,  0,  0,  0,  0,  1,  0,  0,  0,  0,  0,  0,  0,  0,  0,  0,  1,  1,  1],
         [  0,  0,  0,  0,  0,  0,  0,  0,  0,  1,  0,  0,  0,  0,  0,  0,  0,  1,  1,  1],
         [  0,  0,  0,  0,  0,  0,  0,  0,  0,  0,  0,  0,  0,  0,  0,  0,  0,  1,  1,  1],
         [  0,  0,  0,  0,  0,  0,  0,  0,  0,  0,  0,  0,  0,  0,  0,  0,  0,  0,  1,  1],
         [  0,  0,  0,  0,  0,  0,  0,  0,  0,  0,  0,  1,  0,  0,  0,  0,  0,  0,  1,  1],
         [  0,  0,  0,  0,  0,  0,  0,  0,  0,  0,  1,  1,  1,  0,  0,  0,  0,  1,  1,  1],
         [  0,  0,  0,  0,  0,  0,  0,  0,  0,  0,  0,  1,  0,  0,  0,  0,  1,  1,  1,  1],
         [  0,  0,  0,  0,  0,  0,  0,  0,  0,  0,  0,  0,  0,  0,  0,  1,  1,  1,  1,  1],
         [  0,  0,  0,  0,  0,  0,  0,  0,  0,  0,  0,  0,  0,  0,  0,  1,  1,  1,  1,  1],
         [  0,  0,  0,  0,  0,  0,  0,  0,  0,  0,  0,  0,  0,  0,  0,  1,  1,  1,  1,  1],
         [  0,  0,  0,  0,  0,  0,  0,  0,  0,  0,  0,  0,  0,  0,  1,  1,  1,  1,  1,  1],
         [  0,  0,  0,  0,  0,  0,  0,  0,  0,  0,  0,  0,  0,  0,  1,  1,  1,  1,  1,  1]],
    "eventsType":
        {
        "1":  [  1,  0],
        "3":  [  1,  0],
        "2":  [  1,  0],
        "5":  [  0,  1],
        "4":  [  0,  1],
        "6":  [  0,  1]
        },
    "events":
        [[  0,  0,  0,  0,  0,  0,  0,  0,  0,  0,  0,  0,  0,  0,  0,  0,  0,  0,  0,  0],
         [  0,  0,  0,  0,  0,  0,  0,  0,  0,  0,  0,  0,  0,  0,  0,  0,  0,  0,  0,  0],
         [  0,  0,  6,  0,  0,  0,  0,  0,  0,  0,  0,  0,  0,  0,  0,  0,  0,  0,  0,  0],
         [  0,  0,  0,  0,  0,  0,  0,  0,  0,  0,  0,  0,  0,  0,  0,  0,  0,  0,  0,  0],
         [  0,  0,  0,  0,  0,  0,  0,  0,  0,  0,  0,  0,  0,  0,  0,  0,  0,  0,  0,  0],
         [  0,  0,  0,  0,  0,  0,  0,  0,  0,  0,  0,  0,  0,  0,  0,  0,  0,  0,  0,  0],
         [  0,  0,  0,  0,  0,  0,  0,  0,  0,  0,  0,  0,  0,  0,  0,  0,  0,  0,  0,  0],
         [  0,  0,  0,  0,  0,  0,  0,  0,  0,  0,  0,  0,  0,  0,  0,  0,  0,  0,  0,  0],
         [  0,  0,  5,  0,  4,  0,  3,  0,  0,  0,  0,  0,  0,  0,  0,  0,  0,  0,  0,  0],
         [  0,  0,  0,  0,  0,  0,  0,  0,  0,  2,  0,  0,  0,  0,  0,  0,  0,  0,  0,  0],
         [  0,  0,  0,  0,  0,  0,  0,  0,  0,  0,  0,  0,  0,  0,  0,  0,  0,  0,  0,  0],
         [  0,  0,  0,  0,  0,  0,  0,  0,  0,  0,  0,  0,  0,  0,  0,  0,  0,  0,  0,  0],
         [  0,  0,  0,  0,  0,  0,  0,  0,  0,  0,  0,  1,  0,  0,  0,  0,  0,  0,  0,  0],
         [  0,  0,  0,  0,  0,  0,  0,  0,  0,  0,  1,  0,  1,  0,  0,  0,  0,  0,  0,  0],
         [  0,  0,  0,  0,  0,  0,  0,  0,  0,  0,  0,  1,  0,  0,  0,  0,  0,  0,  0,  0],
         [  0,  0,  0,  0,  0,  0,  0,  0,  0,  0,  0,  0,  0,  0,  0,  0,  0,  0,  0,  0],
         [  0,  0,  0,  0,  0,  0,  0,  0,  0,  0,  0,  0,  0,  0,  0,  0,  0,  0,  0,  0],
         [  0,  0,  0,  0,  0,  0,  0,  0,  0,  0,  0,  0,  0,  0,  0,  0,  0,  0,  0,  0],
         [  0,  0,  0,  0,  0,  0,  0,  0,  0,  0,  0,  0,  0,  0,  0,  0,  0,  0,  0,  0],
         [  0,  0,  0,  0,  0,  0,  0,  0,  0,  0,  0,  0,  0,  0,  0,  0,  0,  0,  0,  0]]
    }
}
