
{
"Level": 
    {
    "tiles": 
        {
        "24":  [  5,  3],
        "25":  [  0,  4],
        "26":  [  4,  4],
        "27":  [  4,  5],
        "20":  [  1,  3],
        "21":  [  2,  3],
        "22":  [  3,  3],
        "23":  [  4,  3],
        "28":  [  5,  4],
        "29":  [  1,  4],
        "4":  [  4,  0],
        "8":  [  2,  1],
        "59":  [  2, 10],
        "58":  [  1, 10],
        "55":  [  4,  9],
        "54":  [  3,  9],
        "57":  [  0, 10],
        "56":  [  5,  9],
        "51":  [  0,  9],
        "50":  [  5,  8],
        "53":  [  2,  9],
        "52":  [  1,  9],
        "115":  [  0, 20],
        "114":  [  5, 19],
        "88":  [  1, 15],
        "89":  [  2, 15],
        "111":  [  2, 19],
        "110":  [  1, 19],
        "113":  [  4, 19],
        "112":  [  3, 19],
        "82":  [  1, 14],
        "83":  [  2, 14],
        "80":  [  5, 13],
        "81":  [  0, 14],
        "86":  [  5, 14],
        "87":  [  0, 15],
        "84":  [  3, 14],
        "85":  [  4, 14],
        "3":  [  3,  0],
        "7":  [  1,  1],
        "108":  [  5, 18],
        "109":  [  0, 19],
        "102":  [  5, 17],
        "103":  [  0, 18],
        "100":  [  3, 17],
        "101":  [  4, 17],
        "106":  [  3, 18],
        "107":  [  4, 18],
        "104":  [  1, 18],
        "105":  [  2, 18],
        "39":  [  2,  7],
        "38":  [  1,  7],
        "33":  [  2,  6],
        "32":  [  1,  6],
        "31":  [  0,  6],
        "30":  [  5,  5],
        "37":  [  0,  7],
        "36":  [  5,  6],
        "35":  [  4,  6],
        "34":  [  3,  6],
        "60":  [  3, 10],
        "61":  [  4, 10],
        "62":  [  5, 10],
        "63":  [  0, 11],
        "64":  [  1, 11],
        "65":  [  2, 11],
        "66":  [  3, 11],
        "67":  [  4, 11],
        "68":  [  5, 11],
        "69":  [  0, 12],
        "2":  [  2,  0],
        "6":  [  0,  1],
        "99":  [  2, 17],
        "98":  [  1, 17],
        "91":  [  4, 15],
        "90":  [  3, 15],
        "93":  [  2, 16],
        "92":  [  5, 15],
        "95":  [  4, 16],
        "94":  [  3, 16],
        "97":  [  0, 17],
        "96":  [  5, 16],
        "11":  [  5,  1],
        "10":  [  4,  1],
        "13":  [  0,  2],
        "12":  [  1,  2],
        "15":  [  2,  2],
        "14":  [  1,  2],
        "17":  [  4,  2],
        "16":  [  3,  2],
        "19":  [  0,  3],
        "18":  [  5,  2],
        "117":  [  2, 20],
        "116":  [  1, 20],
        "48":  [  3,  8],
        "49":  [  4,  8],
        "46":  [  1,  8],
        "47":  [  2,  8],
        "44":  [  1, 16],
        "45":  [  0,  8],
        "42":  [  5,  7],
        "43":  [  0, 16],
        "40":  [  3,  7],
        "41":  [  4,  7],
        "1":  [  1,  0],
        "5":  [  5,  0],
        "9":  [  3,  1],
        "77":  [  2, 13],
        "76":  [  1, 13],
        "75":  [  0, 13],
        "74":  [  5, 12],
        "73":  [  4, 12],
        "72":  [  3, 12],
        "71":  [  2, 12],
        "70":  [  1, 12],
        "79":  [  4, 13],
        "78":  [  3, 13]
        },
    "charas":  [""],
    "tileImage": "img/tile.png",
    "tilesAnimated": 
        {
        "5": 
            [[  0,  5],
             [  1,  5],
             [  2,  5],
             [  3,  5]],
        "29": 
            [[  1,  4],
             [  2,  4],
             [  1,  4],
             [  3,  4]]
        },
    "levelName": "Testmap",
    "layer2": 
        [[  0,  0,  0,  0,  0,  0,  0,  0,  0,  0,  0,  0,  0,  0,  0],
         [  0,  0,  0,  0,  0,  0,  0,  0,  0,  0,  0,  0,  0,  0,  0],
         [  0,  0,  0,  0,  0,  0,  0,  0,  0,  0,  0,  0,  0,  0,  0],
         [  0,  0,  0,  0,  0,  0,  0,  0,  0,  0,  0,  0,  0,  0,  0],
         [  0,  0,  0,  0,  0,  0,  0,  0,  0,  0,  0,  0,  0,  0,  0],
         [  0,  0,  0,  0,  0,  0, 26,  0, 37, 38,  0,  0,  0,  0,  0],
         [  0,  0,  0,  0,  0,  0, 27,  0,  0,  0,  0,  0,  0,  0,  0],
         [  0,  0,  0,  0,  0,  0,  0,  0,  0,  0,  0,  0,  0,  0,  0],
         [  0,  0,  0,  0,  0,  0,  0,  0,  0,  0,  0,  0,  0,  0,  0],
         [  0,  0,  0,  0,  0,  0,  0,  0,  0,  0,  0,  0,  0,  0,  0],
         [  0,  0,  0,  0,  0,  0,  0,  0,  0,  0,  0,  0,  0,  0,  0],
         [  0,  0,  0,  0,  0,  0, 26,  0, 37, 38,  0,  0,  0,  0,  0],
         [  0,  0,  0,  0,  0,  0, 27,  0,  0,  0,  0,  0,  0,  0,  0],
         [  0,  0,  0,  0,  0,  0,  0,  0,  0,  0,  0,  0,  0,  0,  0],
         [  0,  0,  0,  0,  0,  0,  0,  0,  0,  0,  0,  0,  0,  0,  0]],
    "layer1": 
        [[ 45, 45, 45, 48, 59, 59, 59, 49, 45, 45, 45, 45, 45, 45, 45],
         [ 45, 45, 45, 58, 94, 44, 96, 60, 45, 45, 45, 45, 45, 45, 45],
         [ 45, 45, 45, 58, 93, 28, 95, 60, 45, 45, 45, 45, 45, 45, 45],
         [ 45, 45, 45, 58, 42, 42, 42, 83, 59, 59, 59, 49, 45, 45, 45],
         [ 45, 45, 45, 58, 42, 42, 42, 94, 43, 43, 96, 60, 45, 45, 45],
         [ 45, 45, 45, 58, 42, 42, 42, 93, 35, 35, 95, 60, 45, 45, 45],
         [ 45, 45, 45, 58, 42, 42, 42, 42, 42, 42, 42, 60, 45, 45, 45],
         [ 45, 45, 45, 58, 42, 42, 42, 42, 42, 42, 42, 46, 45, 45, 45],
         [ 45, 45, 45, 58, 42, 42, 42, 60, 45, 45, 45, 45, 45, 45, 45],
         [ 45, 45, 45, 58, 42, 42, 42, 83, 59, 59, 59, 49, 45, 45, 45],
         [ 45, 45, 45, 58, 42, 42, 42, 94, 43, 43, 96, 60, 45, 45, 45],
         [ 45, 45, 45, 58, 42, 42, 42, 93, 35, 35, 95, 60, 45, 45, 45],
         [ 45, 45, 45, 58, 42, 42, 42, 42, 42, 42, 42, 60, 45, 45, 45],
         [ 45, 45, 45, 47, 42, 42, 42, 42, 42, 42, 42, 46, 45, 45, 45],
         [ 45, 45, 45, 45, 45, 45, 45, 45, 45, 45, 45, 45, 45, 45, 45]],
    "layer4": 
        [[  0,  0,  0,  0,  0,  0,  0,  0,  0,  0,  0,  0,  0,  0,  0],
         [  0,  0,  0,  0,  0,  0,  0,  0,  0,  0,  0,  0,  0,  0,  0],
         [  0,  0,  0,  0,  0,  0,  0,  0,  0,  0,  0,  0,  0,  0,  0],
         [  0,  0,  0,  0,  0,  0,  0,  0,  0,  0,  0,  0,  0,  0,  0],
         [  0,  0,  0,  0,  0,  0,  0,  0,  0,  0,  0,  0,  0,  0,  0],
         [  0,  0,  0,  0,  0,  0,  0,  0,  0,  0,  0,  0,  0,  0,  0],
         [  0,  0,  0,  0,  0,  0,  0,  0,  0,  0,  0,  0,  0,  0,  0],
         [  0,  0,  0,  0,  0,  0,  0, 84, 57, 57, 57,  0,  0,  0,  0],
         [  0,  0,  0,  0,  0,  0,  0,  0,  0,  0,  0,  0,  0,  0,  0],
         [  0,  0,  0,  0,  0,  0,  0,  0,  0,  0,  0,  0,  0,  0,  0],
         [  0,  0,  0,  0,  0,  0,  0,  0,  0,  0,  0,  0,  0,  0,  0],
         [  0,  0,  0,  0,  0,  0,  0,  0,  0,  0,  0,  0,  0,  0,  0],
         [  0,  0,  0,  0,  0,  0,  0,  0,  0,  0,  0,  0,  0,  0,  0],
         [  0,  0,  0,  0, 57, 57, 57, 57, 57, 57, 57,  0,  0,  0,  0],
         [  0,  0,  0,  0,  0,  0,  0,  0,  0,  0,  0,  0,  0,  0,  0]],
    "eventsActions": 
        {
        },
    "colision": 
        [[  1,  1,  1,  1,  1,  1,  1,  1,  1,  1,  1,  1,  1,  1,  1],
         [  1,  1,  1,  1,  1,  1,  1,  1,  1,  1,  1,  1,  1,  1,  1],
         [  1,  1,  1,  1,  1,  0,  1,  1,  1,  1,  1,  1,  1,  1,  1],
         [  1,  1,  1,  1,  0,  0,  0,  1,  1,  1,  1,  1,  1,  1,  1],
         [  1,  1,  1,  1,  0,  0,  0,  1,  1,  1,  1,  1,  1,  1,  1],
         [  1,  1,  1,  1,  0,  0,  1,  1,  1,  1,  1,  1,  1,  1,  1],
         [  1,  1,  1,  1,  0,  0,  0,  0,  0,  0,  0,  1,  1,  1,  1],
         [  1,  1,  1,  1,  0,  0,  0,  0,  0,  0,  0,  1,  1,  1,  1],
         [  1,  1,  1,  1,  0,  0,  0,  1,  1,  1,  1,  1,  1,  1,  1],
         [  1,  1,  1,  1,  0,  0,  0,  1,  1,  1,  1,  1,  1,  1,  1],
         [  1,  1,  1,  1,  0,  0,  0,  1,  1,  1,  1,  1,  1,  1,  1],
         [  1,  1,  1,  1,  0,  0,  1,  1,  1,  1,  1,  1,  1,  1,  1],
         [  1,  1,  1,  1,  0,  0,  0,  0,  0,  0,  0,  1,  1,  1,  1],
         [  1,  1,  1,  1,  0,  0,  0,  0,  0,  0,  0,  1,  1,  1,  1],
         [  1,  1,  1,  1,  1,  1,  1,  1,  1,  1,  1,  1,  1,  1,  1]],
    "eventsType": 
        {
        },
    "events": 
        [[  0,  0,  0,  0,  0,  0,  0,  0,  0,  0,  0,  0,  0,  0,  0],
         [  0,  0,  0,  0,  0,  0,  0,  0,  0,  0,  0,  0,  0,  0,  0],
         [  0,  0,  0,  0,  0,  0,  0,  0,  0,  0,  0,  0,  0,  0,  0],
         [  0,  0,  0,  0,  0,  0,  0,  0,  0,  0,  0,  0,  0,  0,  0],
         [  0,  0,  0,  0,  0,  0,  0,  0,  0,  0,  0,  0,  0,  0,  0],
         [  0,  0,  0,  0,  0,  0,  0,  0,  0,  0,  0,  0,  0,  0,  0],
         [  0,  0,  0,  0,  0,  0,  0,  0,  0,  0,  1,  0,  0,  0,  0],
         [  0,  0,  0,  0,  0,  0,  0,  0,  0,  0,  0,  0,  0,  0,  0],
         [  0,  0,  0,  0,  0,  0,  0,  0,  0,  0,  0,  0,  0,  0,  0],
         [  0,  0,  0,  0,  0,  0,  0,  0,  0,  0,  0,  0,  0,  0,  0],
         [  0,  0,  0,  0,  0,  0,  0,  0,  0,  0,  0,  0,  0,  0,  0],
         [  0,  0,  0,  0,  0,  0,  0,  0,  0,  0,  0,  0,  0,  0,  0],
         [  0,  0,  0,  0,  0,  0,  0,  0,  0,  0,  0,  0,  0,  0,  0],
         [  0,  0,  0,  0,  0,  0,  0,  0,  0,  0,  0,  0,  0,  0,  0],
         [  0,  0,  0,  0,  0,  0,  0,  0,  0,  0,  0,  0,  0,  0,  0]]
    }
}