
{
"Charaset": 
    {
    "person2": 
        {
        "standing": 
            {
            "down": 
                [[  1,  6],
                 [  1,  6],
                 [  1,  6],
                 [  1,  6]],
            "right": 
                [[  1,  7],
                 [  1,  7],
                 [  1,  7],
                 [  1,  7]],
            "up": 
                [[  1,  4],
                 [  1,  4],
                 [  1,  4],
                 [  1,  4]],
            "left": 
                [[  1,  5],
                 [  1,  5],
                 [  1,  5],
                 [  1,  5]]
            },
        "walking": 
            {
            "down": 
                [[  1,  6],
                 [  0,  6],
                 [  1,  6],
                 [  2,  6]],
            "right": 
                [[  1,  7],
                 [  0,  7],
                 [  1,  7],
                 [  2,  7]],
            "up": 
                [[  1,  4],
                 [  0,  4],
                 [  1,  4],
                 [  2,  4]],
            "left": 
                [[  0,  5],
                 [  1,  5],
                 [  2,  5],
                 [  1,  5]]
            }
        },
    "person": 
        {
        "standing": 
            {
            "down": 
                [[  1,  2]],
            "right": 
                [[  1,  3],
                 [  1,  3],
                 [  1,  3],
                 [  1,  3]],
            "up": 
                [[  1,  0],
                 [  1,  0],
                 [  1,  0],
                 [  1,  0]],
            "left": 
                [[  1,  1],
                 [  1,  1],
                 [  1,  1],
                 [  1,  1]]
            },
        "walking": 
            {
            "down": 
                [[  1,  2],
                 [  0,  2],
                 [  1,  2],
                 [  2,  2]],
            "right": 
                [[  1,  3],
                 [  0,  3],
                 [  1,  3],
                 [  2,  3]],
            "up": 
                [[  1,  0],
                 [  0,  0],
                 [  1,  0],
                 [  2,  0]],
            "left": 
                [[  1,  1],
                 [  0,  1],
                 [  1,  1],
                 [  2,  1]]
            }
        },
    "tileImage": "person.png",
    "yellow": 
        {
        "standing": 
            {
            "down": 
                [[  1, 10]],
            "right": 
                [[  1, 11]],
            "up": 
                [[  1,  8]],
            "left": 
                [[  1,  9]]
            },
        "walking": 
            {
            "down": 
                [[  1, 10],
                 [  2, 10],
                 [  1, 10],
                 [  0, 10]],
            "right": 
                [[  1, 11],
                 [  2, 11],
                 [  1, 11],
                 [  0, 11]],
            "up": 
                [[  1,  8],
                 [  2,  8],
                 [  1,  8],
                 [  0,  8]],
            "left": 
                [[  1,  9],
                 [  0,  9],
                 [  1,  9],
                 [  2,  9]]
            }
        }
    }
}